<?xml version="1.0" encoding="UTF-8"?>
<project-private xmlns="http://www.netbeans.org/ns/project-private/1">
    <editor-bookmarks xmlns="http://www.netbeans.org/ns/editor-bookmarks/2" lastBookmarkId="0"/>
    <open-files xmlns="http://www.netbeans.org/ns/projectui-open-files/2">
        <group>
            <file>file:/C:/Users/FeGa/Documents/NetBeansProjects/Neptuno/src/neptuno/Ingreso.java</file>
            <file>file:/C:/Users/FeGa/Documents/NetBeansProjects/Neptuno/src/neptuno/Proveedores.java</file>
            <file>file:/C:/Users/FeGa/Documents/NetBeansProjects/Neptuno/src/neptuno/FrmCompaniasEnvio.java</file>
            <file>file:/C:/Users/FeGa/Documents/NetBeansProjects/Neptuno/src/neptuno/CompaniasEnvio.java</file>
            <file>file:/C:/Users/FeGa/Documents/NetBeansProjects/Neptuno/src/neptuno/Frmneptu.java</file>
            <file>file:/C:/Users/FeGa/Documents/NetBeansProjects/Neptuno/src/neptuno/FrmProductos.java</file>
            <file>file:/C:/Users/FeGa/Documents/NetBeansProjects/Neptuno/src/neptuno/FrmFactura.java</file>
            <file>file:/C:/Users/FeGa/Documents/NetBeansProjects/Neptuno/src/neptuno/Factura.java</file>
            <file>file:/C:/Users/FeGa/Documents/NetBeansProjects/Neptuno/src/neptuno/Clientes.java</file>
            <file>file:/C:/Users/FeGa/Documents/NetBeansProjects/Neptuno/src/neptuno/FrmCategorias.java</file>
            <file>file:/C:/Users/FeGa/Documents/NetBeansProjects/Neptuno/src/neptuno/Productos.java</file>
            <file>file:/C:/Users/FeGa/Documents/NetBeansProjects/Neptuno/src/neptuno/FrmUsuario.java</file>
            <file>file:/C:/Users/FeGa/Documents/NetBeansProjects/Neptuno/src/neptuno/FrmEmpleados.java</file>
            <file>file:/C:/Users/FeGa/Documents/NetBeansProjects/Neptuno/src/neptuno/Categorias.java</file>
            <file>file:/C:/Users/FeGa/Documents/NetBeansProjects/Neptuno/src/neptuno/FremClientes.java</file>
            <file>file:/C:/Users/FeGa/Documents/NetBeansProjects/Neptuno/src/neptuno/FrmProveedores.java</file>
            <file>file:/C:/Users/FeGa/Documents/NetBeansProjects/Neptuno/src/neptuno/MejoresClientes.java</file>
            <file>file:/C:/Users/FeGa/Documents/NetBeansProjects/Neptuno/src/neptuno/Neptuno.java</file>
            <file>file:/C:/Users/FeGa/Documents/NetBeansProjects/Neptuno/src/neptuno/FrmReporteVentas.java</file>
            <file>file:/C:/Users/FeGa/Documents/NetBeansProjects/Neptuno/src/neptuno/FrmAcercaDe.java</file>
            <file>file:/C:/Users/FeGa/Documents/NetBeansProjects/Neptuno/src/neptuno/Empleados.java</file>
            <file>file:/C:/Users/FeGa/Documents/NetBeansProjects/Neptuno/src/neptuno/FrmReporteClientes.java</file>
        </group>
    </open-files>
</project-private>
